model,RMSE_C,MAE_C,R2,MaxAbsError_C,Bias_C
PINN,0.26057608228754947,0.1743635861730788,0.9930185132817774,1.0332715289543941,-0.09013456402673639
NN,0.5103320641936497,0.4668772256459667,0.9732216059815216,0.9443963306849383,-0.4667790788281782
